"   Data","   Vazao (L/s)","   Succao (mca)","   Recalque (mca)","   Ligacoes "
"2015-06-26 03:00:00","2.7569444179534912","50.0","96.050003051757813","0.0"
"2015-06-26 04:00:00","3.3402776718139648","49.674999237060547","95.574996948242188","0.0"
"2015-06-26 05:00:00","3.125","50.0","95.599998474121094","0.0"
"2015-06-26 06:00:00","2.9722223281860352","49.950000762939453","95.849998474121094","0.0"
"2015-06-26 07:00:00","2.8402776718139648","50.299999237060547","96.275001525878906","0.0"
"2015-06-26 08:00:00","3.2708332538604736","57.049999237060547","102.69999694824219","0.0"
"2015-06-26 09:00:00","3.3194444179534912","60.125","105.40000152587891","0.0"
"2015-06-26 10:00:00","3.4861111640930176","59.674999237060547","104.94999694824219","0.0"
"2015-06-26 11:00:00","4.2361111640930176","58.75","103.84999847412109","0.0"
"2015-06-26 12:00:00","5.2916665077209473","56.825000762939453","100.65000152587891","0.0"
"2015-06-26 13:00:00","6.2916665077209473","54.025001525878906","97.775001525878906","0.0"
"2015-06-26 14:00:00","6.9305553436279297","52.549999237060547","94.974998474121094","0.0"
"2015-06-26 15:00:00","6.8402776718139648","52.599998474121094","95.25","0.0"
"2015-06-26 16:00:00","6.6944446563720703","52.775001525878906","95.974998474121094","0.0"
"2015-06-26 17:00:00","6.4513888359069824","47.575000762939453","90.675003051757813","0.0"
"2015-06-26 18:00:00","6.5833334922790527","44.775001525878906","87.800003051757813","0.0"
"2015-06-26 19:00:00","5.7777776718139648","45.575000762939453","89.375","0.0"
"2015-06-26 20:00:00","5.2430553436279297","46.625","91.099998474121094","0.0"
"2015-06-26 21:00:00","4.1875","50.724998474121094","95.974998474121094","0.0"
"2015-06-26 22:00:00","3.5","49.200000762939453","94.900001525878906","0.0"
"2015-06-26 23:00:00","3.5763888359069824","49.125","94.574996948242188","0.0"
"2015-06-27 00:00:00","3.3263888359069824","49.599998474121094","94.75","0.0"
"2015-06-27 01:00:00","2.9652776718139648","49.900001525878906","95.375","0.0"
"2015-06-27 02:00:00","2.8611111640930176","49.825000762939453","95.724998474121094","0.0"
"2015-06-27 03:00:00","2.9652776718139648","49.924999237060547","95.824996948242188","0.0"
"2015-06-27 04:00:00","2.5694444179534912","50.375","96.574996948242188","0.0"
"2015-06-27 05:00:00","2.3819444179534912","50.650001525878906","97.025001525878906","0.0"
"2015-06-27 06:00:00","2.1527776718139648","50.900001525878906","96.800003051757813","0.0"
"2015-06-27 07:00:00","2.0694444179534912","50.849998474121094","97.425003051757812","0.0"
"2015-06-27 08:00:00","2.5","57.474998474121094","103.5","0.0"
"2015-06-27 09:00:00","2.5347223281860352","60.700000762939453","106.55000305175781","0.0"
"2015-06-27 10:00:00","2.5486111640930176","60.875","106.82499694824219","0.0"
"2015-06-27 11:00:00","2.6458332538604736","60.575000762939453","106.34999847412109","0.0"
"2015-06-27 12:00:00","2.9652776718139648","60.0","105.52500152587891","0.0"
"2015-06-27 13:00:00","3.6527776718139648","58.849998474121094","104.09999847412109","0.0"
"2015-06-27 14:00:00","3.7777776718139648","58.325000762939453","103.17500305175781","0.0"
"2015-06-27 15:00:00","4.0972223281860352","57.25","102.34999847412109","0.0"
"2015-06-27 16:00:00","4.4513888359069824","56.700000762939453","101.84999847412109","0.0"
"2015-06-27 17:00:00","3.7222223281860352","51.875","97.425003051757812","0.0"
"2015-06-27 18:00:00","3.5069444179534912","49.575000762939453","94.775001525878906","0.0"
"2015-06-27 19:00:00","3.375","49.400001525878906","95.224998474121094","0.0"
"2015-06-27 20:00:00","3.7152776718139648","48.75","94.724998474121094","0.0"
"2015-06-27 21:00:00","3.4791667461395264","49.349998474121094","94.875","0.0"
"2015-06-27 22:00:00","3.7708332538604736","48.950000762939453","94.074996948242188","0.0"
"2015-06-27 23:00:00","3.6805555820465088","48.974998474121094","94.5","0.0"
"2015-06-28 00:00:00","3.2430555820465088","49.900001525878906","95.300003051757813","0.0"
"2015-06-28 01:00:00","2.9375","49.799999237060547","95.724998474121094","0.0"
"2015-06-28 02:00:00","2.9305555820465088","50.049999237060547","95.875","0.0"
"2015-06-28 03:00:00","2.8402776718139648","50.349998474121094","96.400001525878906","0.0"
"2015-06-28 04:00:00","2.8125","50.0","95.800003051757813","0.0"
"2015-06-28 05:00:00","2.4930555820465088","50.325000762939453","96.800003051757813","0.0"
"2015-06-28 06:00:00","2.3194444179534912","50.75","96.599998474121094","0.0"
"2015-06-28 07:00:00","2.2291667461395264","50.799999237060547","96.574996948242188","0.0"
"2015-06-28 08:00:00","2.5555555820465088","57.224998474121094","103.15000152587891","0.0"
"2015-06-28 09:00:00","2.5486111640930176","60.099998474121094","106.07499694824219","0.0"
"2015-06-28 10:00:00","2.4652776718139648","60.625","106.75","0.0"
"2015-06-28 11:00:00","2.5416667461395264","60.875","106.90000152587891","0.0"
"2015-06-28 12:00:00","2.7013888359069824","60.775001525878906","106.80000305175781","0.0"
"2015-06-28 13:00:00","3.1944444179534912","59.299999237060547","105.05000305175781","0.0"
"2015-06-28 14:00:00","3.3402776718139648","58.525001525878906","104.15000152587891","0.0"
"2015-06-28 15:00:00","3.6041667461395264","57.950000762939453","103.375","0.0"
"2015-06-28 16:00:00","4.0763888359069824","57.549999237060547","102.57499694824219","0.0"
"2015-06-28 17:00:00","3.8263888359069824","51.575000762939453","96.699996948242188","0.0"
"2015-06-28 18:00:00","3.2361111640930176","49.849998474121094","95.400001525878906","0.0"
"2015-06-28 19:00:00","3.2847223281860352","49.650001525878906","95.025001525878906","0.0"
"2015-06-28 20:00:00","3.5138888359069824","49.450000762939453","94.974998474121094","0.0"
"2015-06-28 21:00:00","3.5555555820465088","49.474998474121094","94.949996948242188","0.0"
"2015-06-28 22:00:00","3.3541667461395264","49.5","94.875","0.0"
"2015-06-28 23:00:00","3.1875","49.825000762939453","95.375","0.0"
"2015-06-29 00:00:00","3.0069444179534912","50.049999237060547","95.849998474121094","0.0"
"2015-06-29 01:00:00","2.9791667461395264","49.924999237060547","95.599998474121094","0.0"
"2015-06-29 02:00:00","3.1666667461395264","49.849998474121094","95.699996948242188","0.0"
"2015-06-29 03:00:00","3.1875","49.924999237060547","95.599998474121094","0.0"
"2015-06-29 04:00:00","2.6527776718139648","50.174999237060547","96.800003051757813","0.0"
"2015-06-29 05:00:00","2.3263888359069824","50.674999237060547","97.150001525878906","0.0"
"2015-06-29 06:00:00","2.1527776718139648","50.650001525878906","97.5","0.0"
"2015-06-29 07:00:00","2.0833332538604736","51.174999237060547","97.324996948242188","0.0"
"2015-06-29 08:00:00","2.5","57.825000762939453","103.90000152587891","0.0"
"2015-06-29 09:00:00","2.5208332538604736","60.224998474121094","106.125","0.0"
"2015-06-29 10:00:00","2.5555555820465088","60.200000762939453","105.82499694824219","0.0"
"2015-06-29 11:00:00","3.2708332538604736","59.599998474121094","105.17500305175781","0.0"
"2015-06-29 12:00:00","4.3125","57.400001525878906","102.34999847412109","0.0"
"2015-06-29 13:00:00","4.9791665077209473","55.724998474121094","100.07499694824219","0.0"
"2015-06-29 14:00:00","5.7013888359069824","54.5","98.525001525878906","0.0"
"2015-06-29 15:00:00","6.6319446563720703","52.700000762939453","95.474998474121094","0.0"
"2015-06-29 16:00:00","6.3680553436279297","53.75","97.074996948242187","0.0"
"2015-06-29 17:00:00","5.7361111640930176","48.849998474121094","92.574996948242188","0.0"
"2015-06-29 18:00:00","5.5277776718139648","46.325000762939453","90.775001525878906","0.0"
"2015-06-29 19:00:00","5.2361111640930176","46.75","91.050003051757813","0.0"
"2015-06-29 20:00:00","4.7777776718139648","47.224998474121094","91.675003051757812","0.0"
"2015-06-29 21:00:00","4.0416665077209473","48.549999237060547","93.625","0.0"
"2015-06-29 22:00:00","3.8333332538604736","48.924999237060547","94.199996948242188","0.0"
"2015-06-29 23:00:00","3.4930555820465088","49.174999237060547","94.625","0.0"
"2015-06-30 00:00:00","3.2708332538604736","49.5","95.074996948242188","0.0"
"2015-06-30 01:00:00","3.25","49.525001525878906","95.375","0.0"
"2015-06-30 02:00:00","3.0763888359069824","50.099998474121094","95.800003051757813","0.0"
"2015-06-30 03:00:00","3.2847223281860352","48.950000762939453","94.675003051757813","0.0"
"2015-06-30 04:00:00","2.6736111640930176","50.400001525878906","96.074996948242188","0.0"
"2015-06-30 05:00:00","2.375","50.549999237060547","96.550003051757812","0.0"
"2015-06-30 06:00:00","2.2430555820465088","50.875","96.849998474121094","0.0"
"2015-06-30 07:00:00","2.1527776718139648","50.974998474121094","96.849998474121094","0.0"
"2015-06-30 08:00:00","2.5069444179534912","57.549999237060547","103.09999847412109","0.0"
"2015-06-30 09:00:00","2.5763888359069824","60.0","105.92500305175781","0.0"
"2015-06-30 10:00:00","2.75","60.025001525878906","106.15000152587891","0.0"
"2015-06-30 11:00:00","3.1111111640930176","59.950000762939453","105.15000152587891","0.0"
"2015-06-30 12:00:00","4.0277776718139648","58.549999237060547","103.69999694824219","0.0"
"2015-06-30 13:00:00","5.4444446563720703","56.200000762939453","100.375","0.0"
"2015-06-30 14:00:00","5.6527776718139648","55.849998474121094","99.974998474121094","0.0"
"2015-06-30 15:00:00","6.0763888359069824","54.075000762939453","97.699996948242188","0.0"
"2015-06-30 16:00:00","5.7708334922790527","54.900001525878906","98.599998474121094","0.0"
"2015-06-30 17:00:00","4.6805553436279297","49.375","93.949996948242187","0.0"
"2015-06-30 18:00:00","4.9652776718139648","46.299999237060547","90.824996948242187","0.0"
"2015-06-30 19:00:00","5.1180553436279297","46.025001525878906","90.074996948242188","0.0"
"2015-06-30 20:00:00","4.7847223281860352","46.650001525878906","91.349998474121094","0.0"
"2015-06-30 21:00:00","4.1041665077209473","47.674999237060547","92.849998474121094","0.0"
"2015-06-30 22:00:00","3.5833332538604736","48.200000762939453","93.599998474121094","0.0"
"2015-06-30 23:00:00","3.2638888359069824","48.650001525878906","94.525001525878906","0.0"
"2015-07-01 00:00:00","3.3611111640930176","48.400001525878906","94.349998474121094","0.0"
"2015-07-01 01:00:00","3.3402776718139648","48.625","94.199996948242188","0.0"
"2015-07-01 02:00:00","3.3958332538604736","48.724998474121094","94.474998474121094","0.0"
"2015-07-01 03:00:00","2.9791667461395264","49.875","95.724998474121094","0.0"
"2015-07-01 04:00:00","3.0069444179534912","49.474998474121094","95.449996948242188","0.0"
"2015-07-01 05:00:00","2.6458332538604736","49.599998474121094","95.675003051757812","0.0"
"2015-07-01 06:00:00","2.4652776718139648","49.799999237060547","96.125","0.0"
"2015-07-01 07:00:00","2.3541667461395264","50.025001525878906","95.949996948242188","0.0"
"2015-07-01 08:00:00","2.8472223281860352","57.549999237060547","103.25","0.0"
"2015-07-01 09:00:00","2.9027776718139648","60.650001525878906","106.19999694824219","0.0"
"2015-07-01 10:00:00","2.8819444179534912","60.650001525878906","106.57499694824219","0.0"
"2015-07-01 11:00:00","3.7083332538604736","59.424999237060547","104.59999847412109","0.0"
"2015-07-01 12:00:00","4.2916665077209473","57.950000762939453","102.77500152587891","0.0"
"2015-07-01 13:00:00","5.5972223281860352","55.25","98.900001525878906","0.0"
"2015-07-01 14:00:00","6.2847223281860352","53.950000762939453","97.074996948242187","0.0"
"2015-07-01 15:00:00","6.0416665077209473","54.375","98.0","0.0"
"2015-07-01 16:00:00","5.9097223281860352","54.900001525878906","98.550003051757813","0.0"
"2015-07-01 17:00:00","5.2291665077209473","49.775001525878906","93.824996948242188","0.0"
"2015-07-01 18:00:00","5.2847223281860352","47.0","91.150001525878906","0.0"
"2015-07-01 19:00:00","5.4236111640930176","46.575000762939453","90.775001525878906","0.0"
"2015-07-01 20:00:00","4.7986111640930176","47.549999237060547","91.925003051757813","0.0"
"2015-07-01 21:00:00","4.1527776718139648","48.424999237060547","93.625","0.0"
"2015-07-01 22:00:00","3.5416667461395264","49.275001525878906","94.675003051757813","0.0"
"2015-07-01 23:00:00","3.2361111640930176","49.5","94.974998474121094","0.0"
"2015-07-02 00:00:00","3.3125","49.25","95.050003051757813","0.0"
"2015-07-02 01:00:00","3.6458332538604736","49.200000762939453","94.175003051757813","0.0"
"2015-07-02 02:00:00","3.4305555820465088","49.224998474121094","94.849998474121094","0.0"
"2015-07-02 03:00:00","3.1041667461395264","49.775001525878906","95.375","0.0"
"2015-07-02 04:00:00","2.7291667461395264","50.299999237060547","96.449996948242188","0.0"
"2015-07-02 05:00:00","2.5347223281860352","50.525001525878906","96.400001525878906","0.0"
"2015-07-02 06:00:00","2.3333332538604736","50.625","96.650001525878906","0.0"
"2015-07-02 07:00:00","2.1597223281860352","50.775001525878906","97.050003051757812","0.0"
"2015-07-02 08:00:00","2.6041667461395264","57.424999237060547","103.125","0.0"
"2015-07-02 09:00:00","2.6180555820465088","60.5","106.44999694824219","0.0"
"2015-07-02 10:00:00","2.7569444179534912","60.575000762939453","106.44999694824219","0.0"
"2015-07-02 11:00:00","3.0","60.150001525878906","105.82499694824219","0.0"
"2015-07-02 12:00:00","4.125","58.299999237060547","103.30000305175781","0.0"
"2015-07-02 13:00:00","5.1041665077209473","56.400001525878906","100.57499694824219","0.0"
"2015-07-02 14:00:00","6.2291665077209473","53.599998474121094","97.074996948242187","0.0"
"2015-07-02 15:00:00","6.25","53.900001525878906","97.224998474121094","0.0"
"2015-07-02 16:00:00","6.6944446563720703","53.299999237060547","95.5","0.0"
"2015-07-02 17:00:00","6.1527776718139648","50.150001525878906","93.650001525878906","0.0"
"2015-07-02 18:00:00","6.0138888359069824","45.950000762939453","89.550003051757813","0.0"
"2015-07-02 19:00:00","5.9583334922790527","45.700000762939453","89.324996948242188","0.0"
"2015-07-02 20:00:00","5.4861111640930176","46.349998474121094","90.625","0.0"
"2015-07-02 21:00:00","4.6180553436279297","47.599998474121094","92.300003051757813","0.0"
"2015-07-02 22:00:00","3.8958332538604736","48.700000762939453","93.949996948242187","0.0"
"2015-07-02 23:00:00","3.5833332538604736","49.174999237060547","94.824996948242188","0.0"
"2015-07-03 00:00:00","3.3611111640930176","49.599998474121094","95.0","0.0"
"2015-07-03 01:00:00","3.1319444179534912","49.674999237060547","95.175003051757812","0.0"
"2015-07-03 02:00:00","3.4305555820465088","49.325000762939453","95.224998474121094","0.0"
"2015-07-03 03:00:00","2.8819444179534912","50.25","95.875","0.0"
"2015-07-03 04:00:00","2.8472223281860352","50.200000762939453","96.074996948242188","0.0"
"2015-07-03 05:00:00","2.625","50.125","96.275001525878906","0.0"
"2015-07-03 06:00:00","2.3541667461395264","50.799999237060547","96.449996948242188","0.0"
"2015-07-03 07:00:00","2.2361111640930176","50.849998474121094","96.724998474121094","0.0"
"2015-07-03 08:00:00","2.7083332538604736","57.400001525878906","103.25","0.0"
"2015-07-03 09:00:00","2.7638888359069824","60.200000762939453","105.82499694824219","0.0"
"2015-07-03 10:00:00","2.7638888359069824","60.174999237060547","106.07499694824219","0.0"
"2015-07-03 11:00:00","3.2430555820465088","59.275001525878906","104.80000305175781","0.0"
"2015-07-03 12:00:00","3.8680555820465088","58.299999237060547","103.5","0.0"
"2015-07-03 13:00:00","5.5694446563720703","55.0","99.300003051757813","0.0"
"2015-07-03 14:00:00","5.9375","54.525001525878906","98.175003051757813","0.0"
"2015-07-03 15:00:00","5.8819446563720703","54.900001525878906","98.724998474121094","0.0"
"2015-07-03 16:00:00","5.4930553436279297","55.549999237060547","99.5","0.0"
"2015-07-03 17:00:00","5.4236111640930176","49.150001525878906","93.275001525878906","0.0"
"2015-07-03 18:00:00","5.2708334922790527","46.724998474121094","90.974998474121094","0.0"
"2015-07-03 19:00:00","5.5069446563720703","46.424999237060547","90.875","0.0"
"2015-07-03 20:00:00","4.5222220420837402","50.020000457763672","94.480003356933594","0.0"
"2015-07-03 21:00:00","3.5833332538604736","49.033332824707031","94.166664123535156","0.0"
"2015-07-03 22:00:00","3.4930555820465088","49.450000762939453","94.75","0.0"
"2015-07-03 23:00:00","3.4236111640930176","49.375","94.550003051757813","0.0"
"2015-07-04 00:00:00","3.1736111640930176","49.825000762939453","96.025001525878906","0.0"
"2015-07-04 01:00:00","3.0694444179534912","49.924999237060547","95.824996948242188","0.0"
"2015-07-04 02:00:00","2.8958332538604736","50.099998474121094","96.0","0.0"
"2015-07-04 03:00:00","2.5833332538604736","50.200000762939453","96.300003051757813","0.0"
"2015-07-04 04:00:00","2.8819444179534912","50.275001525878906","95.925003051757813","0.0"
"2015-07-04 05:00:00","2.5555555820465088","50.375","96.5","0.0"
"2015-07-04 06:00:00","2.4791667461395264","50.674999237060547","96.675003051757813","0.0"
"2015-07-04 07:00:00","2.2430555820465088","50.950000762939453","97.324996948242188","0.0"
"2015-07-04 08:00:00","2.625","58.049999237060547","103.94999694824219","0.0"
"2015-07-04 09:00:00","2.5694444179534912","60.75","106.65000152587891","0.0"
"2015-07-04 10:00:00","2.4444444179534912","60.799999237060547","106.57499694824219","0.0"
"2015-07-04 11:00:00","2.7083332538604736","60.549999237060547","106.47499847412109","0.0"
"2015-07-04 12:00:00","3.0069444179534912","59.924999237060547","105.55000305175781","0.0"
"2015-07-04 13:00:00","3.3958332538604736","58.775001525878906","104.09999847412109","0.0"
"2015-07-04 14:00:00","3.3611111640930176","58.950000762939453","104.17500305175781","0.0"
"2015-07-04 15:00:00","3.3611111640930176","58.549999237060547","103.97499847412109","0.0"
"2015-07-04 16:00:00","3.3680555820465088","58.625","103.42500305175781","0.0"
"2015-07-04 17:00:00","3.0555555820465088","52.150001525878906","98.25","0.0"
"2015-07-04 18:00:00","3.0625","49.875","95.824996948242188","0.0"
"2015-07-04 19:00:00","3.3333332538604736","49.799999237060547","95.224998474121094","0.0"
"2015-07-04 20:00:00","3.0416667461395264","49.775001525878906","95.650001525878906","0.0"
"2015-07-04 21:00:00","2.9791667461395264","49.924999237060547","95.625","0.0"
"2015-07-04 22:00:00","3.2569444179534912","49.75","95.324996948242187","0.0"
"2015-07-04 23:00:00","2.9513888359069824","49.950000762939453","95.425003051757813","0.0"
"2015-07-05 00:00:00","2.7916667461395264","49.775001525878906","96.199996948242187","0.0"
"2015-07-05 01:00:00","2.6597223281860352","50.174999237060547","96.400001525878906","0.0"
"2015-07-05 02:00:00","2.7361111640930176","50.150001525878906","96.199996948242187","0.0"
"2015-07-05 03:00:00","2.8055555820465088","50.125","96.125","0.0"
"2015-07-05 04:00:00","2.5486111640930176","50.450000762939453","96.375","0.0"
"2015-07-05 05:00:00","2.5833332538604736","50.349998474121094","96.699996948242188","0.0"
"2015-07-05 06:00:00","2.2013888359069824","50.450000762939453","96.525001525878906","0.0"
"2015-07-05 07:00:00","2.125","50.825000762939453","97.050003051757812","0.0"
"2015-07-05 08:00:00","2.4791667461395264","57.5","103.30000305175781","0.0"
"2015-07-05 09:00:00","2.5347223281860352","60.025001525878906","106.02500152587891","0.0"
"2015-07-05 10:00:00","2.5138888359069824","60.450000762939453","106.52500152587891","0.0"
"2015-07-05 11:00:00","2.5277776718139648","60.974998474121094","106.75","0.0"
"2015-07-05 12:00:00","2.6180555820465088","61.200000762939453","107.125","0.0"
"2015-07-05 13:00:00","3.0277776718139648","60.650001525878906","106.34999847412109","0.0"
"2015-07-05 14:00:00","3.2986111640930176","60.125","105.80000305175781","0.0"
"2015-07-05 15:00:00","3.7777776718139648","59.375","105.19999694824219","0.0"
"2015-07-05 16:00:00","3.7708332538604736","59.450000762939453","104.69999694824219","0.0"
"2015-07-05 17:00:00","3.3125","52.625","97.900001525878906","0.0"
"2015-07-05 18:00:00","3.3888888359069824","49.700000762939453","95.199996948242188","0.0"
"2015-07-05 19:00:00","3.1041667461395264","49.875","95.599998474121094","0.0"
"2015-07-05 20:00:00","3.0694444179534912","50.025001525878906","95.699996948242188","0.0"
"2015-07-05 21:00:00","2.9236111640930176","50.025001525878906","96.175003051757813","0.0"
"2015-07-05 22:00:00","3.0","50.025001525878906","96.175003051757813","0.0"
"2015-07-05 23:00:00","2.9166667461395264","50.075000762939453","96.25","0.0"
"2015-07-06 00:00:00","2.7361111640930176","50.075000762939453","96.125","0.0"
"2015-07-06 01:00:00","2.8125","50.025001525878906","95.800003051757813","0.0"
"2015-07-06 02:00:00","2.9166667461395264","50.275001525878906","95.974998474121094","0.0"
"2015-07-06 03:00:00","3.2708332538604736","49.599998474121094","95.25","0.0"
"2015-07-06 04:00:00","2.5277776718139648","50.549999237060547","96.375","0.0"
"2015-07-06 05:00:00","2.2847223281860352","50.700000762939453","96.775001525878906","0.0"
"2015-07-06 06:00:00","2.1527776718139648","50.724998474121094","97.224998474121094","0.0"
"2015-07-06 07:00:00","2.1527776718139648","51.025001525878906","97.175003051757813","0.0"
"2015-07-06 08:00:00","2.4652776718139648","58.025001525878906","103.80000305175781","0.0"
"2015-07-06 09:00:00","2.5347223281860352","60.674999237060547","106.92500305175781","0.0"
"2015-07-06 10:00:00","2.5972223281860352","60.700000762939453","106.40000152587891","0.0"
"2015-07-06 11:00:00","2.8888888359069824","60.625","106.42500305175781","0.0"
"2015-07-06 12:00:00","3.75","59.049999237060547","104.22499847412109","0.0"
"2015-07-06 13:00:00","5.5347223281860352","56.125","99.75","0.0"
"2015-07-06 14:00:00","6.3888888359069824","54.224998474121094","96.824996948242188","0.0"
"2015-07-06 15:00:00","6.3402776718139648","54.125","97.0","0.0"
"2015-07-06 16:00:00","5.7986111640930176","54.549999237060547","98.75","0.0"
"2015-07-06 17:00:00","5.1458334922790527","49.200000762939453","93.400001525878906","0.0"
"2015-07-06 18:00:00","5.4583334922790527","46.5","90.675003051757813","0.0"
"2015-07-06 19:00:00","5.6041665077209473","46.125","89.775001525878906","0.0"
"2015-07-06 20:00:00","5.875","45.599998474121094","89.525001525878906","0.0"
"2015-07-06 21:00:00","4.4583334922790527","47.900001525878906","92.675003051757813","0.0"
"2015-07-06 22:00:00","3.8611111640930176","48.924999237060547","94.175003051757813","0.0"
"2015-07-06 23:00:00","3.8958332538604736","48.950000762939453","94.074996948242188","0.0"
"2015-07-07 00:00:00","3.8055555820465088","49.075000762939453","94.550003051757813","0.0"
"2015-07-07 01:00:00","3.3819444179534912","49.5","94.900001525878906","0.0"
"2015-07-07 02:00:00","3.3125","49.674999237060547","95.175003051757812","0.0"
"2015-07-07 03:00:00","3.0833332538604736","49.849998474121094","95.724998474121094","0.0"
"2015-07-07 04:00:00","2.8958332538604736","49.875","95.625","0.0"
"2015-07-07 05:00:00","2.4791667461395264","50.450000762939453","96.699996948242188","0.0"
"2015-07-07 06:00:00","2.2916667461395264","50.450000762939453","96.824996948242188","0.0"
"2015-07-07 07:00:00","2.2152776718139648","50.450000762939453","96.724998474121094","0.0"
"2015-07-07 08:00:00","2.6527776718139648","57.0","103.09999847412109","0.0"
"2015-07-07 09:00:00","2.7291667461395264","60.099998474121094","106.02500152587891","0.0"
"2015-07-07 10:00:00","2.6458332538604736","60.974998474121094","106.90000152587891","0.0"
"2015-07-07 11:00:00","2.9652776718139648","60.575000762939453","106.02500152587891","0.0"
"2015-07-07 12:00:00","4.125","58.825000762939453","103.94999694824219","0.0"
"2015-07-07 13:00:00","4.8263888359069824","57.474998474121094","101.94999694824219","0.0"
"2015-07-07 14:00:00","4.8611111640930176","57.424999237060547","101.97499847412109","0.0"
"2015-07-07 15:00:00","5.5138888359069824","56.375","100.34999847412109","0.0"
"2015-07-07 16:00:00","5.2847223281860352","56.724998474121094","101.125","0.0"
"2015-07-07 17:00:00","4.9166665077209473","50.099998474121094","94.650001525878906","0.0"
"2015-07-07 18:00:00","5.1666665077209473","47.200000762939453","91.474998474121094","0.0"
"2015-07-07 19:00:00","4.7152776718139648","47.849998474121094","92.400001525878906","0.0"
"2015-07-07 20:00:00","4.0416665077209473","48.650001525878906","93.650001525878906","0.0"
"2015-07-07 21:00:00","3.4652776718139648","49.349998474121094","95.0","0.0"
"2015-07-07 22:00:00","3.1319444179534912","49.625","95.449996948242188","0.0"
"2015-07-07 23:00:00","3.0416667461395264","49.700000762939453","95.775001525878906","0.0"
"2015-07-08 00:00:00","3.25","49.724998474121094","95.275001525878906","0.0"
"2015-07-08 01:00:00","3.1041667461395264","49.849998474121094","95.199996948242188","0.0"
"2015-07-08 02:00:00","3.1944444179534912","49.875","95.675003051757812","0.0"
"2015-07-08 03:00:00","2.8888888359069824","50.025001525878906","95.849998474121094","0.0"
"2015-07-08 04:00:00","2.7222223281860352","50.424999237060547","96.525001525878906","0.0"
"2015-07-08 05:00:00","2.4027776718139648","50.5","96.824996948242188","0.0"
"2015-07-08 06:00:00","2.2291667461395264","50.575000762939453","97.125","0.0"
"2015-07-08 07:00:00","2.1388888359069824","50.974998474121094","96.974998474121094","0.0"
"2015-07-08 08:00:00","2.5833332538604736","57.724998474121094","103.5","0.0"
"2015-07-08 09:00:00","2.6458332538604736","60.450000762939453","106.19999694824219","0.0"
"2015-07-08 10:00:00","2.5902776718139648","60.700000762939453","106.5","0.0"
"2015-07-08 11:00:00","3.2361111640930176","60.025001525878906","105.59999847412109","0.0"
"2015-07-08 12:00:00","3.7152776718139648","59.150001525878906","104.09999847412109","0.0"
"2015-07-08 13:00:00","4.4930553436279297","57.674999237060547","102.69999694824219","0.0"
"2015-07-08 14:00:00","5.125","56.625","101.02500152587891","0.0"
"2015-07-08 15:00:00","5.2083334922790527","56.075000762939453","100.30000305175781","0.0"
"2015-07-08 16:00:00","5.2430553436279297","55.474998474121094","99.574996948242188","0.0"
"2015-07-08 17:00:00","4.8472223281860352","49.724998474121094","94.25","0.0"
"2015-07-08 18:00:00","5.7638888359069824","46.049999237060547","90.0","0.0"
"2015-07-08 19:00:00","5.3611111640930176","46.450000762939453","90.724998474121094","0.0"
"2015-07-08 20:00:00","5.0486111640930176","47.25","92.125","0.0"
"2015-07-08 21:00:00","3.8819444179534912","48.525001525878906","94.224998474121094","0.0"
"2015-07-08 22:00:00","3.1944444179534912","49.5","94.949996948242188","0.0"
"2015-07-08 23:00:00","3.2777776718139648","49.549999237060547","94.974998474121094","0.0"
"2015-07-09 00:00:00","3.3472223281860352","49.525001525878906","95.099998474121094","0.0"
"2015-07-09 01:00:00","3.5138888359069824","49.325000762939453","94.824996948242188","0.0"
"2015-07-09 02:00:00","3.3888888359069824","49.325000762939453","95.099998474121094","0.0"
"2015-07-09 03:00:00","0.0","0.0","0.0","0.0"
"2015-07-09 04:00:00","2.7083332538604736","50.275001525878906","96.0","0.0"
"2015-07-09 05:00:00","2.6944444179534912","50.200000762939453","95.900001525878906","0.0"
"2015-07-09 06:00:00","2.6944444179534912","50.200000762939453","95.900001525878906","0.0"
"2015-07-09 07:00:00","2.6944444179534912","50.200000762939453","95.900001525878906","0.0"
"2015-07-09 08:00:00","2.6944444179534912","50.200000762939453","95.900001525878906","0.0"
"2015-07-09 09:00:00","2.6944444179534912","50.200000762939453","95.900001525878906","0.0"
"2015-07-09 10:00:00","2.6944444179534912","50.200000762939453","95.900001525878906","0.0"
"2015-07-09 11:00:00","2.6944444179534912","50.200000762939453","95.900001525878906","0.0"
"2015-07-09 12:00:00","2.6944444179534912","50.200000762939453","95.900001525878906","0.0"
"2015-07-09 13:00:00","2.6944444179534912","50.200000762939453","95.900001525878906","0.0"
"2015-07-09 14:00:00","0.0","0.0","0.0","0.0"
"2015-07-09 15:00:00","0.0","0.0","0.0","0.0"
"2015-07-09 16:00:00","0.0","0.0","0.0","0.0"
"2015-07-09 17:00:00","0.0","0.0","0.0","0.0"
"2015-07-09 18:00:00","0.0","0.0","0.0","0.0"
"2015-07-09 19:00:00","0.0","0.0","0.0","0.0"
"2015-07-09 20:00:00","0.0","0.0","0.0","0.0"
"2015-07-09 21:00:00","0.0","0.0","0.0","0.0"
"2015-07-09 22:00:00","0.0","0.0","0.0","0.0"
"2015-07-09 23:00:00","0.0","0.0","0.0","0.0"
"2015-07-10 00:00:00","0.0","0.0","0.0","0.0"
"2015-07-10 01:00:00","0.0","0.0","0.0","0.0"
"2015-07-10 02:00:00","0.0","0.0","0.0","0.0"
"2015-07-10 03:00:00","0.0","0.0","0.0","0.0"
"2015-07-10 04:00:00","0.0","0.0","0.0","0.0"
"2015-07-10 05:00:00","0.0","0.0","0.0","0.0"
"2015-07-10 06:00:00","0.0","0.0","0.0","0.0"
"2015-07-10 07:00:00","0.0","0.0","0.0","0.0"
"2015-07-10 08:00:00","0.0","0.0","0.0","0.0"
"2015-07-10 09:00:00","0.0","0.0","0.0","0.0"
"2015-07-10 10:00:00","0.0","0.0","0.0","0.0"
"2015-07-10 11:00:00","0.0","0.0","0.0","0.0"
"2015-07-10 12:00:00","0.0","0.0","0.0","0.0"
"2015-07-10 13:00:00","0.0","0.0","0.0","0.0"
"2015-07-10 14:00:00","0.0","0.0","0.0","0.0"
"2015-07-10 15:00:00","0.0","0.0","0.0","0.0"
"2015-07-10 16:00:00","0.0","0.0","0.0","0.0"
"2015-07-10 17:00:00","0.0","0.0","0.0","0.0"
"2015-07-10 18:00:00","0.0","0.0","0.0","0.0"
"2015-07-10 19:00:00","0.0","0.0","0.0","0.0"
"2015-07-10 20:00:00","0.0","0.0","0.0","0.0"
"2015-07-10 21:00:00","0.0","0.0","0.0","0.0"
"2015-07-10 22:00:00","0.0","0.0","0.0","0.0"
"2015-07-10 23:00:00","0.0","0.0","0.0","0.0"
"2015-07-11 00:00:00","0.0","0.0","0.0","0.0"
"2015-07-11 01:00:00","0.0","0.0","0.0","0.0"
"2015-07-11 02:00:00","0.0","0.0","0.0","0.0"
"2015-07-11 03:00:00","0.0","0.0","0.0","0.0"
"2015-07-11 04:00:00","0.0","0.0","0.0","0.0"
"2015-07-11 05:00:00","0.0","0.0","0.0","0.0"
"2015-07-11 06:00:00","0.0","0.0","0.0","0.0"
"2015-07-11 07:00:00","0.0","0.0","0.0","0.0"
"2015-07-11 08:00:00","0.0","0.0","0.0","0.0"
"2015-07-11 09:00:00","0.0","0.0","0.0","0.0"
"2015-07-11 10:00:00","0.0","0.0","0.0","0.0"
"2015-07-11 11:00:00","0.0","0.0","0.0","0.0"
"2015-07-11 12:00:00","0.0","0.0","0.0","0.0"
"2015-07-11 13:00:00","0.0","0.0","0.0","0.0"
"2015-07-11 14:00:00","0.0","0.0","0.0","0.0"
"2015-07-11 15:00:00","0.0","0.0","0.0","0.0"
"2015-07-11 16:00:00","0.0","0.0","0.0","0.0"
"2015-07-11 17:00:00","0.0","0.0","0.0","0.0"
"2015-07-11 18:00:00","0.0","0.0","0.0","0.0"
"2015-07-11 19:00:00","0.0","0.0","0.0","0.0"
"2015-07-11 20:00:00","0.0","0.0","0.0","0.0"
"2015-07-11 21:00:00","0.0","0.0","0.0","0.0"
"2015-07-11 22:00:00","0.0","0.0","0.0","0.0"
"2015-07-11 23:00:00","0.0","0.0","0.0","0.0"
"2015-07-12 00:00:00","0.0","0.0","0.0","0.0"
"2015-07-12 01:00:00","0.0","0.0","0.0","0.0"
"2015-07-12 02:00:00","0.0","0.0","0.0","0.0"
"2015-07-12 03:00:00","0.0","0.0","0.0","0.0"
"2015-07-12 04:00:00","0.0","0.0","0.0","0.0"
"2015-07-12 05:00:00","0.0","0.0","0.0","0.0"
"2015-07-12 06:00:00","0.0","0.0","0.0","0.0"
"2015-07-12 07:00:00","0.0","0.0","0.0","0.0"
"2015-07-12 08:00:00","0.0","0.0","0.0","0.0"
"2015-07-12 09:00:00","0.0","0.0","0.0","0.0"
"2015-07-12 10:00:00","0.0","0.0","0.0","0.0"
"2015-07-12 11:00:00","0.0","0.0","0.0","0.0"
"2015-07-12 12:00:00","0.0","0.0","0.0","0.0"
"2015-07-12 13:00:00","0.0","0.0","0.0","0.0"
"2015-07-12 14:00:00","0.0","0.0","0.0","0.0"
"2015-07-12 15:00:00","0.0","0.0","0.0","0.0"
"2015-07-12 16:00:00","0.0","0.0","0.0","0.0"
"2015-07-12 17:00:00","0.0","0.0","0.0","0.0"
"2015-07-12 18:00:00","0.0","0.0","0.0","0.0"
"2015-07-12 19:00:00","0.0","0.0","0.0","0.0"
"2015-07-12 20:00:00","0.0","0.0","0.0","0.0"
"2015-07-12 21:00:00","0.0","0.0","0.0","0.0"
"2015-07-12 22:00:00","0.0","0.0","0.0","0.0"
"2015-07-12 23:00:00","0.0","0.0","0.0","0.0"
"2015-07-13 00:00:00","0.0","0.0","0.0","0.0"
"2015-07-13 01:00:00","0.0","0.0","0.0","0.0"
"2015-07-13 02:00:00","0.0","0.0","0.0","0.0"
"2015-07-13 03:00:00","0.0","0.0","0.0","0.0"
"2015-07-13 04:00:00","0.0","0.0","0.0","0.0"
"2015-07-13 05:00:00","0.0","0.0","0.0","0.0"
"2015-07-13 06:00:00","0.0","0.0","0.0","0.0"
"2015-07-13 07:00:00","0.0","0.0","0.0","0.0"
"2015-07-13 08:00:00","0.0","0.0","0.0","0.0"
"2015-07-13 09:00:00","0.0","0.0","0.0","0.0"
"2015-07-13 10:00:00","0.0","0.0","0.0","0.0"
"2015-07-13 11:00:00","0.0","0.0","0.0","0.0"
"2015-07-13 12:00:00","0.0","0.0","0.0","0.0"
"2015-07-13 13:00:00","0.0","0.0","0.0","0.0"
"2015-07-13 14:00:00","0.0","0.0","0.0","0.0"
"2015-07-13 15:00:00","0.0","0.0","0.0","0.0"
"2015-07-13 16:00:00","0.0","0.0","0.0","0.0"
"2015-07-13 17:00:00","0.0","0.0","0.0","0.0"
"2015-07-13 18:00:00","0.0","0.0","0.0","0.0"
"2015-07-13 19:00:00","0.0","0.0","0.0","0.0"
"2015-07-13 20:00:00","0.0","0.0","0.0","0.0"
"2015-07-13 21:00:00","0.0","0.0","0.0","0.0"
"2015-07-13 22:00:00","0.0","0.0","0.0","0.0"
"2015-07-13 23:00:00","0.0","0.0","0.0","0.0"
"2015-07-14 00:00:00","0.0","0.0","0.0","0.0"
"2015-07-14 01:00:00","0.0","0.0","0.0","0.0"
"2015-07-14 02:00:00","0.0","0.0","0.0","0.0"
"2015-07-14 03:00:00","0.0","0.0","0.0","0.0"
"2015-07-14 04:00:00","0.0","0.0","0.0","0.0"
"2015-07-14 05:00:00","0.0","0.0","0.0","0.0"
"2015-07-14 06:00:00","0.0","0.0","0.0","0.0"
"2015-07-14 07:00:00","0.0","0.0","0.0","0.0"
"2015-07-14 08:00:00","0.0","0.0","0.0","0.0"
"2015-07-14 09:00:00","0.0","0.0","0.0","0.0"
"2015-07-14 10:00:00","0.0","0.0","0.0","0.0"
"2015-07-14 11:00:00","0.0","0.0","0.0","0.0"
"2015-07-14 12:00:00","0.0","0.0","0.0","0.0"
"2015-07-14 13:00:00","0.0","0.0","0.0","0.0"
"2015-07-14 14:00:00","0.0","0.0","0.0","0.0"
"2015-07-14 15:00:00","0.0","0.0","0.0","0.0"
"2015-07-14 16:00:00","0.0","0.0","0.0","0.0"
"2015-07-14 17:00:00","0.0","0.0","0.0","0.0"
"2015-07-14 18:00:00","0.0","0.0","0.0","0.0"
"2015-07-14 19:00:00","0.0","0.0","0.0","0.0"
"2015-07-14 20:00:00","0.0","0.0","0.0","0.0"
"2015-07-14 21:00:00","0.0","0.0","0.0","0.0"
"2015-07-14 22:00:00","0.0","0.0","0.0","0.0"
"2015-07-14 23:00:00","0.0","0.0","0.0","0.0"
"2015-07-15 00:00:00","0.0","0.0","0.0","0.0"
"2015-07-15 01:00:00","0.0","0.0","0.0","0.0"
"2015-07-15 02:00:00","0.0","0.0","0.0","0.0"
"2015-07-15 03:00:00","0.0","0.0","0.0","0.0"
"2015-07-15 04:00:00","0.0","0.0","0.0","0.0"
"2015-07-15 05:00:00","0.0","0.0","0.0","0.0"
"2015-07-15 06:00:00","0.0","0.0","0.0","0.0"
"2015-07-15 07:00:00","0.0","0.0","0.0","0.0"
"2015-07-15 08:00:00","0.0","0.0","0.0","0.0"
"2015-07-15 09:00:00","0.0","0.0","0.0","0.0"
"2015-07-15 10:00:00","0.0","0.0","0.0","0.0"
"2015-07-15 11:00:00","0.0","0.0","0.0","0.0"
"2015-07-15 12:00:00","0.0","0.0","0.0","0.0"
"2015-07-15 13:00:00","0.0","0.0","0.0","0.0"
"2015-07-15 14:00:00","0.0","0.0","0.0","0.0"
"2015-07-15 15:00:00","0.0","0.0","0.0","0.0"
"2015-07-15 16:00:00","0.0","0.0","0.0","0.0"
"2015-07-15 17:00:00","0.0","0.0","0.0","0.0"
"2015-07-15 18:00:00","0.0","0.0","0.0","0.0"
"2015-07-15 19:00:00","0.0","0.0","0.0","0.0"
"2015-07-15 20:00:00","0.0","0.0","0.0","0.0"
"2015-07-15 21:00:00","0.0","0.0","0.0","0.0"
"2015-07-15 22:00:00","0.0","0.0","0.0","0.0"
"2015-07-15 23:00:00","0.0","0.0","0.0","0.0"
"2015-07-16 00:00:00","0.0","0.0","0.0","0.0"
"2015-07-16 01:00:00","0.0","0.0","0.0","0.0"
"2015-07-16 02:00:00","0.0","0.0","0.0","0.0"
"2015-07-16 03:00:00","0.0","0.0","0.0","0.0"
"2015-07-16 04:00:00","0.0","0.0","0.0","0.0"
"2015-07-16 05:00:00","0.0","0.0","0.0","0.0"
"2015-07-16 06:00:00","0.0","0.0","0.0","0.0"
"2015-07-16 07:00:00","0.0","0.0","0.0","0.0"
"2015-07-16 08:00:00","0.0","0.0","0.0","0.0"
"2015-07-16 09:00:00","0.0","0.0","0.0","0.0"
"2015-07-16 10:00:00","0.0","0.0","0.0","0.0"
"2015-07-16 11:00:00","0.0","0.0","0.0","0.0"
"2015-07-16 12:00:00","0.0","0.0","0.0","0.0"
"2015-07-16 13:00:00","0.0","0.0","0.0","0.0"
"2015-07-16 14:00:00","0.0","0.0","0.0","0.0"
"2015-07-16 15:00:00","0.0","0.0","0.0","0.0"
"2015-07-16 16:00:00","0.0","0.0","0.0","0.0"
"2015-07-16 17:00:00","0.0","0.0","0.0","0.0"
"2015-07-16 18:00:00","0.0","0.0","0.0","0.0"
"2015-07-16 19:00:00","0.0","0.0","0.0","0.0"
"2015-07-16 20:00:00","0.0","0.0","0.0","0.0"
"2015-07-16 21:00:00","0.0","0.0","0.0","0.0"
"2015-07-16 22:00:00","0.0","0.0","0.0","0.0"
"2015-07-16 23:00:00","0.0","0.0","0.0","0.0"
"2015-07-17 00:00:00","0.0","0.0","0.0","0.0"
"2015-07-17 01:00:00","0.0","0.0","0.0","0.0"
"2015-07-17 02:00:00","0.0","0.0","0.0","0.0"
"2015-07-17 03:00:00","0.0","0.0","0.0","0.0"
"2015-07-17 04:00:00","0.0","0.0","0.0","0.0"
"2015-07-17 05:00:00","0.0","0.0","0.0","0.0"
"2015-07-17 06:00:00","0.0","0.0","0.0","0.0"
"2015-07-17 07:00:00","0.0","0.0","0.0","0.0"
"2015-07-17 08:00:00","0.0","0.0","0.0","0.0"
"2015-07-17 09:00:00","0.0","0.0","0.0","0.0"
"2015-07-17 10:00:00","0.0","0.0","0.0","0.0"
"2015-07-17 11:00:00","0.0","0.0","0.0","0.0"
"2015-07-17 12:00:00","0.0","0.0","0.0","0.0"
"2015-07-17 13:00:00","0.0","0.0","0.0","0.0"
"2015-07-17 14:00:00","0.0","0.0","0.0","0.0"
"2015-07-17 15:00:00","0.0","0.0","0.0","0.0"
"2015-07-17 16:00:00","0.0","0.0","0.0","0.0"
"2015-07-17 17:00:00","0.0","0.0","0.0","0.0"
"2015-07-17 18:00:00","0.0","0.0","0.0","0.0"
"2015-07-17 19:00:00","0.0","0.0","0.0","0.0"
"2015-07-17 20:00:00","0.0","0.0","0.0","0.0"
"2015-07-17 21:00:00","0.0","0.0","0.0","0.0"
"2015-07-17 22:00:00","0.0","0.0","0.0","0.0"
"2015-07-17 23:00:00","0.0","0.0","0.0","0.0"
"2015-07-18 00:00:00","0.0","0.0","0.0","0.0"
"2015-07-18 01:00:00","0.0","0.0","0.0","0.0"
"2015-07-18 02:00:00","0.0","0.0","0.0","0.0"
"2015-07-18 03:00:00","0.0","0.0","0.0","0.0"
"2015-07-18 04:00:00","0.0","0.0","0.0","0.0"
"2015-07-18 05:00:00","0.0","0.0","0.0","0.0"
"2015-07-18 06:00:00","0.0","0.0","0.0","0.0"
"2015-07-18 07:00:00","0.0","0.0","0.0","0.0"
"2015-07-18 08:00:00","0.0","0.0","0.0","0.0"
"2015-07-18 09:00:00","0.0","0.0","0.0","0.0"
"2015-07-18 10:00:00","0.0","0.0","0.0","0.0"
"2015-07-18 11:00:00","0.0","0.0","0.0","0.0"
"2015-07-18 12:00:00","0.0","0.0","0.0","0.0"
"2015-07-18 13:00:00","0.0","0.0","0.0","0.0"
"2015-07-18 14:00:00","0.0","0.0","0.0","0.0"
"2015-07-18 15:00:00","0.0","0.0","0.0","0.0"
"2015-07-18 16:00:00","0.0","0.0","0.0","0.0"
"2015-07-18 17:00:00","0.0","0.0","0.0","0.0"
"2015-07-18 18:00:00","0.0","0.0","0.0","0.0"
"2015-07-18 19:00:00","0.0","0.0","0.0","0.0"
"2015-07-18 20:00:00","0.0","0.0","0.0","0.0"
"2015-07-18 21:00:00","0.0","0.0","0.0","0.0"
"2015-07-18 22:00:00","0.0","0.0","0.0","0.0"
"2015-07-18 23:00:00","0.0","0.0","0.0","0.0"
"2015-07-19 00:00:00","0.0","0.0","0.0","0.0"
"2015-07-19 01:00:00","0.0","0.0","0.0","0.0"
"2015-07-19 02:00:00","0.0","0.0","0.0","0.0"
"2015-07-19 03:00:00","0.0","0.0","0.0","0.0"
"2015-07-19 04:00:00","0.0","0.0","0.0","0.0"
"2015-07-19 05:00:00","0.0","0.0","0.0","0.0"
"2015-07-19 06:00:00","0.0","0.0","0.0","0.0"
"2015-07-19 07:00:00","0.0","0.0","0.0","0.0"
"2015-07-19 08:00:00","0.0","0.0","0.0","0.0"
"2015-07-19 09:00:00","0.0","0.0","0.0","0.0"
"2015-07-19 10:00:00","0.0","0.0","0.0","0.0"
"2015-07-19 11:00:00","0.0","0.0","0.0","0.0"
"2015-07-19 12:00:00","0.0","0.0","0.0","0.0"
"2015-07-19 13:00:00","0.0","0.0","0.0","0.0"
"2015-07-19 14:00:00","0.0","0.0","0.0","0.0"
"2015-07-19 15:00:00","0.0","0.0","0.0","0.0"
"2015-07-19 16:00:00","0.0","0.0","0.0","0.0"
"2015-07-19 17:00:00","0.0","0.0","0.0","0.0"
"2015-07-19 18:00:00","0.0","0.0","0.0","0.0"
"2015-07-19 19:00:00","0.0","0.0","0.0","0.0"
"2015-07-19 20:00:00","0.0","0.0","0.0","0.0"
"2015-07-19 21:00:00","0.0","0.0","0.0","0.0"
"2015-07-19 22:00:00","0.0","0.0","0.0","0.0"
"2015-07-19 23:00:00","0.0","0.0","0.0","0.0"
"2015-07-20 00:00:00","0.0","0.0","0.0","0.0"
"2015-07-20 01:00:00","0.0","0.0","0.0","0.0"
"2015-07-20 02:00:00","0.0","0.0","0.0","0.0"
"2015-07-20 03:00:00","0.0","0.0","0.0","0.0"
"2015-07-20 04:00:00","0.0","0.0","0.0","0.0"
"2015-07-20 05:00:00","0.0","0.0","0.0","0.0"
"2015-07-20 06:00:00","0.0","0.0","0.0","0.0"
"2015-07-20 07:00:00","0.0","0.0","0.0","0.0"
"2015-07-20 08:00:00","0.0","0.0","0.0","0.0"
"2015-07-20 09:00:00","0.0","0.0","0.0","0.0"
"2015-07-20 10:00:00","0.0","0.0","0.0","0.0"
"2015-07-20 11:00:00","0.0","0.0","0.0","0.0"
"2015-07-20 12:00:00","0.0","0.0","0.0","0.0"
"2015-07-20 13:00:00","0.0","0.0","0.0","0.0"
"2015-07-20 14:00:00","0.0","0.0","0.0","0.0"
"2015-07-20 15:00:00","0.0","0.0","0.0","0.0"
"2015-07-20 16:00:00","0.0","0.0","0.0","0.0"
"2015-07-20 17:00:00","0.0","0.0","0.0","0.0"
"2015-07-20 18:00:00","0.0","0.0","0.0","0.0"
"2015-07-20 19:00:00","0.0","0.0","0.0","0.0"
"2015-07-20 20:00:00","0.0","0.0","0.0","0.0"
"2015-07-20 21:00:00","0.0","0.0","0.0","0.0"
"2015-07-20 22:00:00","0.0","0.0","0.0","0.0"
"2015-07-20 23:00:00","0.0","0.0","0.0","0.0"
"2015-07-21 00:00:00","0.0","0.0","0.0","0.0"
"2015-07-21 01:00:00","0.0","0.0","0.0","0.0"
"2015-07-21 02:00:00","0.0","0.0","0.0","0.0"
"2015-07-21 03:00:00","0.0","0.0","0.0","0.0"
"2015-07-21 04:00:00","0.0","0.0","0.0","0.0"
"2015-07-21 05:00:00","0.0","0.0","0.0","0.0"
"2015-07-21 06:00:00","0.0","0.0","0.0","0.0"
"2015-07-21 07:00:00","0.0","0.0","0.0","0.0"
"2015-07-21 08:00:00","0.0","0.0","0.0","0.0"
"2015-07-21 09:00:00","0.0","0.0","0.0","0.0"
"2015-07-21 10:00:00","0.0","0.0","0.0","0.0"
"2015-07-21 11:00:00","0.0","0.0","0.0","0.0"
"2015-07-21 12:00:00","0.0","0.0","0.0","0.0"
"2015-07-21 13:00:00","0.0","0.0","0.0","0.0"
"2015-07-21 14:00:00","0.0","0.0","0.0","0.0"
"2015-07-21 15:00:00","0.0","0.0","0.0","0.0"
"2015-07-21 16:00:00","0.0","0.0","0.0","0.0"
"2015-07-21 17:00:00","0.0","0.0","0.0","0.0"
"2015-07-21 18:00:00","0.0","0.0","0.0","0.0"
"2015-07-21 19:00:00","0.0","0.0","0.0","0.0"
"2015-07-21 20:00:00","0.0","0.0","0.0","0.0"
"2015-07-21 21:00:00","0.0","0.0","0.0","0.0"
"2015-07-21 22:00:00","0.0","0.0","0.0","0.0"
"2015-07-21 23:00:00","0.0","0.0","0.0","0.0"
"2015-07-22 00:00:00","0.0","0.0","0.0","0.0"
"2015-07-22 01:00:00","0.0","0.0","0.0","0.0"
"2015-07-22 02:00:00","0.0","0.0","0.0","0.0"
"2015-07-22 03:00:00","0.0","0.0","0.0","0.0"
"2015-07-22 04:00:00","0.0","0.0","0.0","0.0"
"2015-07-22 05:00:00","0.0","0.0","0.0","0.0"
"2015-07-22 06:00:00","0.0","0.0","0.0","0.0"
"2015-07-22 07:00:00","0.0","0.0","0.0","0.0"
"2015-07-22 08:00:00","0.0","0.0","0.0","0.0"
"2015-07-22 09:00:00","0.0","0.0","0.0","0.0"
"2015-07-22 10:00:00","0.0","0.0","0.0","0.0"
"2015-07-22 11:00:00","0.0","0.0","0.0","0.0"
"2015-07-22 12:00:00","0.0","0.0","0.0","0.0"
"2015-07-22 13:00:00","0.0","0.0","0.0","0.0"
"2015-07-22 14:00:00","0.0","0.0","0.0","0.0"
"2015-07-22 15:00:00","0.0","0.0","0.0","0.0"
"2015-07-22 16:00:00","0.0","0.0","0.0","0.0"
"2015-07-22 17:00:00","0.0","0.0","0.0","0.0"
"2015-07-22 18:00:00","0.0","0.0","0.0","0.0"
"2015-07-22 19:00:00","0.0","0.0","0.0","0.0"
"2015-07-22 20:00:00","0.0","0.0","0.0","0.0"
"2015-07-22 21:00:00","0.0","0.0","0.0","0.0"
"2015-07-22 22:00:00","0.0","0.0","0.0","0.0"
"2015-07-22 23:00:00","0.0","0.0","0.0","0.0"
"2015-07-23 00:00:00","0.0","0.0","0.0","0.0"
"2015-07-23 01:00:00","0.0","0.0","0.0","0.0"
"2015-07-23 02:00:00","0.0","0.0","0.0","0.0"
"2015-07-23 03:00:00","0.0","0.0","0.0","0.0"
"2015-07-23 04:00:00","0.0","0.0","0.0","0.0"
"2015-07-23 05:00:00","0.0","0.0","0.0","0.0"
"2015-07-23 06:00:00","0.0","0.0","0.0","0.0"
"2015-07-23 07:00:00","0.0","0.0","0.0","0.0"
"2015-07-23 08:00:00","0.0","0.0","0.0","0.0"
"2015-07-23 09:00:00","0.0","0.0","0.0","0.0"
"2015-07-23 10:00:00","0.0","0.0","0.0","0.0"
"2015-07-23 11:00:00","0.0","0.0","0.0","0.0"
"2015-07-23 12:00:00","0.0","0.0","0.0","0.0"
"2015-07-23 13:00:00","0.0","0.0","0.0","0.0"
"2015-07-23 14:00:00","0.0","0.0","0.0","0.0"
"2015-07-23 15:00:00","0.0","0.0","0.0","0.0"
"2015-07-23 16:00:00","0.0","0.0","0.0","0.0"
"2015-07-23 17:00:00","0.0","0.0","0.0","0.0"
"2015-07-23 18:00:00","0.0","0.0","0.0","0.0"
"2015-07-23 19:00:00","0.0","0.0","0.0","0.0"
"2015-07-23 20:00:00","0.0","0.0","0.0","0.0"
"2015-07-23 21:00:00","0.0","0.0","0.0","0.0"
"2015-07-23 22:00:00","0.0","0.0","0.0","0.0"
"2015-07-23 23:00:00","0.0","0.0","0.0","0.0"
"2015-07-24 00:00:00","0.0","0.0","0.0","0.0"
"2015-07-24 01:00:00","0.0","0.0","0.0","0.0"
"2015-07-24 02:00:00","0.0","0.0","0.0","0.0"
"2015-07-24 03:00:00","0.0","0.0","0.0","0.0"
"2015-07-24 04:00:00","0.0","0.0","0.0","0.0"
"2015-07-24 05:00:00","0.0","0.0","0.0","0.0"
"2015-07-24 06:00:00","0.0","0.0","0.0","0.0"
"2015-07-24 07:00:00","0.0","0.0","0.0","0.0"
"2015-07-24 08:00:00","0.0","0.0","0.0","0.0"
"2015-07-24 09:00:00","0.0","0.0","0.0","0.0"
"2015-07-24 10:00:00","0.0","0.0","0.0","0.0"
"2015-07-24 11:00:00","0.0","0.0","0.0","0.0"
"2015-07-24 12:00:00","0.0","0.0","0.0","0.0"
"2015-07-24 13:00:00","0.0","0.0","0.0","0.0"
"2015-07-24 14:00:00","0.0","0.0","0.0","0.0"
"2015-07-24 15:00:00","0.0","0.0","0.0","0.0"
"2015-07-24 16:00:00","0.0","0.0","0.0","0.0"
"2015-07-24 17:00:00","0.0","0.0","0.0","0.0"
"2015-07-24 18:00:00","0.0","0.0","0.0","0.0"
"2015-07-24 19:00:00","0.0","0.0","0.0","0.0"
"2015-07-24 20:00:00","0.0","0.0","0.0","0.0"
"2015-07-24 21:00:00","0.0","0.0","0.0","0.0"
"2015-07-24 22:00:00","0.0","0.0","0.0","0.0"
"2015-07-24 23:00:00","0.0","0.0","0.0","0.0"
"2015-07-25 00:00:00","0.0","0.0","0.0","0.0"
"2015-07-25 01:00:00","0.0","0.0","0.0","0.0"
"2015-07-25 02:00:00","0.0","0.0","0.0","0.0"
"2015-07-25 03:00:00","0.0","0.0","0.0","0.0"
"2015-07-25 04:00:00","0.0","0.0","0.0","0.0"
"2015-07-25 05:00:00","0.0","0.0","0.0","0.0"
"2015-07-25 06:00:00","0.0","0.0","0.0","0.0"
"2015-07-25 07:00:00","0.0","0.0","0.0","0.0"
"2015-07-25 08:00:00","0.0","0.0","0.0","0.0"
"2015-07-25 09:00:00","0.0","0.0","0.0","0.0"
"2015-07-25 10:00:00","0.0","0.0","0.0","0.0"
"2015-07-25 11:00:00","0.0","0.0","0.0","0.0"
"2015-07-25 12:00:00","0.0","0.0","0.0","0.0"
"2015-07-25 13:00:00","0.0","0.0","0.0","0.0"
"2015-07-25 14:00:00","0.0","0.0","0.0","0.0"
"2015-07-25 15:00:00","0.0","0.0","0.0","0.0"
"2015-07-25 16:00:00","0.0","0.0","0.0","0.0"
"2015-07-25 17:00:00","0.0","0.0","0.0","0.0"
"2015-07-25 18:00:00","0.0","0.0","0.0","0.0"
"2015-07-25 19:00:00","0.0","0.0","0.0","0.0"
"2015-07-25 20:00:00","0.0","0.0","0.0","0.0"
"2015-07-25 21:00:00","0.0","0.0","0.0","0.0"
"2015-07-25 22:00:00","0.0","0.0","0.0","0.0"
"2015-07-25 23:00:00","0.0","0.0","0.0","0.0"
"2015-07-26 00:00:00","0.0","0.0","0.0","0.0"
"2015-07-26 01:00:00","0.0","0.0","0.0","0.0"
"2015-07-26 02:00:00","0.0","0.0","0.0","0.0"
"2015-07-26 03:00:00","0.0","0.0","0.0","0.0"
"2015-07-26 04:00:00","0.0","0.0","0.0","0.0"
"2015-07-26 05:00:00","0.0","0.0","0.0","0.0"
"2015-07-26 06:00:00","0.0","0.0","0.0","0.0"
"2015-07-26 07:00:00","0.0","0.0","0.0","0.0"
"2015-07-26 08:00:00","0.0","0.0","0.0","0.0"
"2015-07-26 09:00:00","0.0","0.0","0.0","0.0"
"2015-07-26 10:00:00","0.0","0.0","0.0","0.0"
"2015-07-26 11:00:00","0.0","0.0","0.0","0.0"
"2015-07-26 12:00:00","0.0","0.0","0.0","0.0"
"2015-07-26 13:00:00","0.0","0.0","0.0","0.0"
"2015-07-26 14:00:00","0.0","0.0","0.0","0.0"
"2015-07-26 15:00:00","0.0","0.0","0.0","0.0"
"2015-07-26 16:00:00","0.0","0.0","0.0","0.0"
"2015-07-26 17:00:00","0.0","0.0","0.0","0.0"
"2015-07-26 18:00:00","0.0","0.0","0.0","0.0"
"2015-07-26 19:00:00","0.0","0.0","0.0","0.0"
"2015-07-26 20:00:00","0.0","0.0","0.0","0.0"
"2015-07-26 21:00:00","0.0","0.0","0.0","0.0"
"2015-07-26 22:00:00","0.0","0.0","0.0","0.0"
"2015-07-26 23:00:00","0.0","0.0","0.0","0.0"
"2015-07-27 00:00:00","0.0","0.0","0.0","0.0"
"2015-07-27 01:00:00","0.0","0.0","0.0","0.0"
"2015-07-27 02:00:00","0.0","0.0","0.0","0.0"
